{"cameraMode":{"drawMode":0,"name":"Shaded","section":"Shading Mode"},"sceneLighting":false,"audioPlay":false,"sceneViewState":{"m_AlwaysRefresh":false,"showFog":true,"showSkybox":false,"showFlares":true,"showImageEffects":true,"showParticleSystems":true,"showVisualEffectGraphs":true,"m_FxEnabled":true},"in2DMode":false,"pivot":{"x":0.3409999907016754,"y":1.2775018215179444,"z":27.683000564575197},"rotation":{"x":-0.20346689224243165,"y":-0.002357055200263858,"z":0.0004899885971099138,"w":-0.9790790677070618},"size":0.047593165189027789,"orthographic":true}